<?xml version="1.0" encoding="UTF-8"?>
<project-private xmlns="http://www.netbeans.org/ns/project-private/1">
    <editor-bookmarks xmlns="http://www.netbeans.org/ns/editor-bookmarks/2" lastBookmarkId="0"/>
    <open-files xmlns="http://www.netbeans.org/ns/projectui-open-files/2">
        <group>
            <file>file:/E:/Mohana%20Poovalingam/Backup/IEEE-2022/5.Forward%20Secure%20Public%20Key%20Encryption%20Message%20Encryption%20using%20QR%20Code/SOURCE%20CODE%20(3)/SOURCE%20CODE/SRC/Qr_Visual/web/Merge.jsp</file>
            <file>file:/E:/Mohana%20Poovalingam/Backup/IEEE-2022/5.Forward%20Secure%20Public%20Key%20Encryption%20Message%20Encryption%20using%20QR%20Code/SOURCE%20CODE%20(3)/SOURCE%20CODE/SRC/Qr_Visual/web/Logout.jsp</file>
            <file>file:/E:/Mohana%20Poovalingam/Backup/IEEE-2022/5.Forward%20Secure%20Public%20Key%20Encryption%20Message%20Encryption%20using%20QR%20Code/SOURCE%20CODE%20(3)/SOURCE%20CODE/SRC/Qr_Visual/web/User.jsp</file>
            <file>file:/E:/Mohana%20Poovalingam/Backup/IEEE-2022/5.Forward%20Secure%20Public%20Key%20Encryption%20Message%20Encryption%20using%20QR%20Code/SOURCE%20CODE%20(3)/SOURCE%20CODE/SRC/Qr_Visual/web/index.html</file>
            <file>file:/E:/Mohana%20Poovalingam/Backup/IEEE-2022/5.Forward%20Secure%20Public%20Key%20Encryption%20Message%20Encryption%20using%20QR%20Code/SOURCE%20CODE%20(3)/SOURCE%20CODE/SRC/Qr_Visual/web/Cloud.jsp</file>
            <file>file:/E:/Mohana%20Poovalingam/Backup/IEEE-2022/5.Forward%20Secure%20Public%20Key%20Encryption%20Message%20Encryption%20using%20QR%20Code/SOURCE%20CODE%20(3)/SOURCE%20CODE/SRC/Qr_Visual/src/java/Merge.java</file>
            <file>file:/E:/Mohana%20Poovalingam/Backup/IEEE-2022/5.Forward%20Secure%20Public%20Key%20Encryption%20Message%20Encryption%20using%20QR%20Code/SOURCE%20CODE%20(3)/SOURCE%20CODE/SRC/Qr_Visual/web/Userhome.jsp</file>
            <file>file:/E:/Mohana%20Poovalingam/Backup/IEEE-2022/5.Forward%20Secure%20Public%20Key%20Encryption%20Message%20Encryption%20using%20QR%20Code/SOURCE%20CODE%20(3)/SOURCE%20CODE/SRC/Qr_Visual/web/CloudLogin.jsp</file>
            <file>file:/E:/Mohana%20Poovalingam/Backup/IEEE-2022/5.Forward%20Secure%20Public%20Key%20Encryption%20Message%20Encryption%20using%20QR%20Code/SOURCE%20CODE%20(3)/SOURCE%20CODE/SRC/Qr_Visual/web/Send.jsp</file>
            <file>file:/E:/Mohana%20Poovalingam/Backup/IEEE-2022/5.Forward%20Secure%20Public%20Key%20Encryption%20Message%20Encryption%20using%20QR%20Code/SOURCE%20CODE%20(3)/SOURCE%20CODE/SRC/Qr_Visual/web/Message.jsp</file>
            <file>file:/E:/Mohana%20Poovalingam/Backup/IEEE-2022/5.Forward%20Secure%20Public%20Key%20Encryption%20Message%20Encryption%20using%20QR%20Code/SOURCE%20CODE%20(3)/SOURCE%20CODE/SRC/Qr_Visual/web/Message1.jsp</file>
            <file>file:/E:/Mohana%20Poovalingam/Backup/IEEE-2022/5.Forward%20Secure%20Public%20Key%20Encryption%20Message%20Encryption%20using%20QR%20Code/SOURCE%20CODE%20(3)/SOURCE%20CODE/SRC/Qr_Visual/web/Split.jsp</file>
            <file>file:/E:/Mohana%20Poovalingam/Backup/IEEE-2022/5.Forward%20Secure%20Public%20Key%20Encryption%20Message%20Encryption%20using%20QR%20Code/SOURCE%20CODE%20(3)/SOURCE%20CODE/SRC/Qr_Visual/web/Cloud_Home.jsp</file>
            <file>file:/E:/Mohana%20Poovalingam/Backup/IEEE-2022/5.Forward%20Secure%20Public%20Key%20Encryption%20Message%20Encryption%20using%20QR%20Code/SOURCE%20CODE%20(3)/SOURCE%20CODE/SRC/Qr_Visual/web/Reg.jsp</file>
            <file>file:/E:/Mohana%20Poovalingam/Backup/IEEE-2022/5.Forward%20Secure%20Public%20Key%20Encryption%20Message%20Encryption%20using%20QR%20Code/SOURCE%20CODE%20(3)/SOURCE%20CODE/SRC/Qr_Visual/web/Receive.jsp</file>
            <file>file:/E:/Mohana%20Poovalingam/Backup/IEEE-2022/5.Forward%20Secure%20Public%20Key%20Encryption%20Message%20Encryption%20using%20QR%20Code/SOURCE%20CODE%20(3)/SOURCE%20CODE/SRC/Qr_Visual/web/index.jsp</file>
            <file>file:/E:/Mohana%20Poovalingam/Backup/IEEE-2022/5.Forward%20Secure%20Public%20Key%20Encryption%20Message%20Encryption%20using%20QR%20Code/SOURCE%20CODE%20(3)/SOURCE%20CODE/SRC/Qr_Visual/web/styles.css</file>
            <file>file:/E:/Mohana%20Poovalingam/Backup/IEEE-2022/5.Forward%20Secure%20Public%20Key%20Encryption%20Message%20Encryption%20using%20QR%20Code/SOURCE%20CODE%20(3)/SOURCE%20CODE/SRC/Qr_Visual/web/View.jsp</file>
            <file>file:/E:/Mohana%20Poovalingam/Backup/IEEE-2022/5.Forward%20Secure%20Public%20Key%20Encryption%20Message%20Encryption%20using%20QR%20Code/SOURCE%20CODE%20(3)/SOURCE%20CODE/SRC/Qr_Visual/src/java/Message.java</file>
            <file>file:/E:/Mohana%20Poovalingam/Backup/IEEE-2022/5.Forward%20Secure%20Public%20Key%20Encryption%20Message%20Encryption%20using%20QR%20Code/SOURCE%20CODE%20(3)/SOURCE%20CODE/SRC/Qr_Visual/web/Final.jsp</file>
            <file>file:/E:/Mohana%20Poovalingam/Backup/IEEE-2022/5.Forward%20Secure%20Public%20Key%20Encryption%20Message%20Encryption%20using%20QR%20Code/SOURCE%20CODE%20(3)/SOURCE%20CODE/SRC/Qr_Visual/web/User_Action.jsp</file>
            <file>file:/E:/Mohana%20Poovalingam/Backup/IEEE-2022/5.Forward%20Secure%20Public%20Key%20Encryption%20Message%20Encryption%20using%20QR%20Code/SOURCE%20CODE%20(3)/SOURCE%20CODE/SRC/Qr_Visual/src/java/Reg.java</file>
        </group>
    </open-files>
</project-private>
